id;name;username;email;address;phone;website;company
1;Leanne Graham;Bret;Sincere@april.biz;Proenx;1-770-736-8031 x56442;hildegard.org;Bangalore
2;Ervin Howell;Antonette;Shanna@melissa.tv;Proenx;010-692-6593 x09125;anastasia.net;Bangalore
3;Clementine Bauch;Samantha;Nathan@yesenia.net;Proenx;1-463-123-4447;ramiro.info;Bangalore
4;Patricia Lebsack;Karianne;Julianne.OConner@kory.org;Proenx;493-170-9623 x156;kale.biz;Bangalore
5;Chelsey Dietrich;Kamren;Lucio_Hettinger@annie.ca;Proenx;(254)954-1289;demarco.info;Bangalore
6;Mrs. Dennis Schulist;Leopoldo_Corkery;Karley_Dach@jasper.info;Proenx;1-477-935-8478 x6430;ola.org;Bangalore
7;Kurtis Weissnat;Elwyn.Skiles;Telly.Hoeger@billy.biz;Proenx;210.067.6132;elvis.io;Bangalore
8;Nicholas Runolfsdottir V;Maxime_Nienow;Sherwood@rosamond.me;Proenx;586.493.6943 x140;jacynthe.com;Bangalore
9;Glenna Reichert;Delphine;Chaim_McDermott@dana.io;Proenx;(775)976-6794 x41206;conrad.com;Bangalore
10;Clementina DuBuque;Moriah.Stanton;Rey.Padberg@karina.biz;Proenx;024-648-3804;ambrose.net;Bangalore